current_name,proposed_name,notes
00_setup_environment.py,,
01_create_bigboss.py,,
02_chopper.py,,
03_pre_qc_fromr.py,,
04_filtering_cells_fromr.py,,
05_post_qc_fromr.py,,
06_per_sample_preprocess_fromr.py,,
07_validate_preprocess_fromr.py,,
08_integrate_per_condition_fromr.py,,
08b_hvg_diagnostics.py,,
09_plot_integrated_results_fromr.py,,
10_plot_integrated_panels_fromr.py,,
11_annotate_clusters_fromr.py,,
14_marker_heatmaps.py,,
15_composition_tests.py,,
16_kegg_enrichment.py,,
17_fisher_ora.py,,
18_pseudobulk.py,,
19_pseudobulk_decoupler_downstream.py,,
19b_deg_ttest_logcpm.py,,
19c_deg_ttest_plots.py,,
20_pseudobulk_sanity_check.py,,
21_prepare_pre_correlation_pack.py,,
22_prepare_condition_logcpm_h5ad.py,,
23_compute_correlations.py,,
24_correlation_qc_plots.py,,
24b_filter_correlations_by_de.py,,
25_network_power_tom_prep.py,,
25b_tom_module_detection.py,,
25c_wgcna_style_plots.py,,
26_networkx_visualization.py,,
27_combined_network_power_tom_prep.py,,
28_combined_networkx_visualization.py,,
29_network_export_indexes.py,,
30_differential_coexpression.py,,
31_mutual_rank_export.py,,
32_compare_network_sensitivity.py,,
33_build_sensitivity_thesis_figures.py,,
34_build_thesis_pack.py,,
35_csd_scores_homogeneity.py,,
36_csd_permutation_threshold.py,,
37_differential_scalefree_csd.py,,
38_differential_network_visualization.py,,
40_stage09_shared_upstream.py,,
41_stage09_scalefree_branch.py,,
42_stage09_permutation_thresholds.py,,
43_stage09_permutation_network_builder.py,,
44_stage09_compare_branches.py,,
45_stage09_network_visualization.py,,
46_stage09_persistent_overlap_visualization.py,,
47_hgnc_normalisation.py,,
48_ncbi_gene_fetch.py,,
49_cancer_gene_annotation.py,,
49a_bootstrap_inputs.py,,
49b_cell_type_master_annotation_and_viz.py,,
49c_regenerate_interactive_networks.py,,
49d_update_persistent_html_metadata.py,,
49e_extended_zscore_tagging.py,,
50_add_condition_lfc_to_tagged.py,,
51_generate_final_networks_with_lfc.py,,
58_prepare_visualization_assets.py,,
59_regenerate_stable_pngs_from_html_style.py,,
60_go_pathway_enrichment.py,,
60b_go_pathway_enrichment_revised.py,,
60c_go_pathway_enrichment_clean.py,,
61_tag_permutation.py,,
62_survival_analysis.py,,
63_drug_target_candidates.py,,
63b_gm1_connection.py,,
64_visualize_drug_candidates.py,,
65_drug_candidates_per_pair.py,,
66_drug_survival_km.py,,
README.md,,
network_interactive_template.html,,
